Filtrera,,,,
,,,,
 digikey,Summa - Kolumn F,,,
1N4148W-FDICT-ND,4,,4,1N4148W-FDICT-ND
296-1012-1-ND,1,,1,296-1012-1-ND
296-38520-ND,1,,1,296-38520-ND
311-1.00KCRCT-ND,5,,5,311-1.00KCRCT-ND
311-1.20KCRCT-ND,3,,3,311-1.20KCRCT-ND
311-1.80KCRCT-ND,1,,1,311-1.80KCRCT-ND
311-10.0CRCT-ND,3,,3,311-10.0CRCT-ND
311-10.0KCRCT-ND,6,,6,311-10.0KCRCT-ND
311-100CRCT-ND,1,,1,311-100CRCT-ND
311-150CRCT-ND,1,,1,311-150CRCT-ND
311-150KERCT-ND,2,,2,311-150KERCT-ND
311-4.7ERCT-ND,1,,1,311-4.7ERCT-ND
408-1576-2-ND,1,,1,408-1576-2-ND
455-1135-1-ND,2,,2,455-1135-1-ND
455-2247-ND,2,,2,455-2247-ND
455-2266-ND,1,,1,455-2266-ND
478-1328-1-ND,3,,3,478-1328-1-ND
478-3352-1-ND,3,,3,478-3352-1-ND
490-2471-1-ND,1,,1,490-2471-1-ND
493-6225-1-ND,1,,1,493-6225-1-ND
497-7851-1-ND,1,,1,497-7851-1-ND
553-1982-1-ND,1,,1,553-1982-1-ND
568-9619-1-ND,1,,1,568-9619-1-ND
732-4986-1-ND,1,,1,732-4986-1-ND
BC857ALT1GOSCT-ND,3,,3,BC857ALT1GOSCT-ND
DMP3010LK3Q-13DICT-ND,1,,1,DMP3010LK3Q-13DICT-ND
ED2828-ND,1,,1,ED2828-ND
ED2908-ND,1,,1,ED2908-ND
IRFR7546PBF-ND,1,,1,IRFR7546PBF-ND
MM3Z10VT1GOSCT-ND,1,,1,MM3Z10VT1GOSCT-ND
PCF1613-ND,1,,1,PCF1613-ND
RFN2L4STE25CT-ND,1,,1,RFN2L4STE25CT-ND
S1M-FDICT-ND,1,,1,S1M-FDICT-ND
(tom),5,,,
Totalt Resultat,63,,,
